letter,frequency
а,0.107935
б,0.023314
в,0.005295
г,0.012050
ғ,0.015951
д,0.021999
ҙ,0.021321
е,0.065114
ё,0.000011
ж,0.001432
з,0.002954
и,0.038921
й,0.022331
к,0.028077
ҡ,0.023200
л,0.059070
м,0.030204
н,0.065836
ң,0.010674
о,0.025328
ө,0.016484
п,0.015699
р,0.063171
с,0.025804
ҫ,0.003184
т,0.060506
у,0.027355
ү,0.013058
ф,0.003649
х,0.005553
һ,0.016288
ц,0.001866
ч,0.000657
ш,0.018551
щ,0.000103
ъ,0.000379
ы,0.065170
ь,0.002022
э,0.002628
ә,0.067680
ю,0.001456
я,0.007721